Date,GOOGL,MSFT
2018-01-02,53.660499572753906,85.94999694824219
2018-01-03,54.57600021362305,86.3499984741211
2018-01-04,54.78799819946289,87.11000061035156
2018-01-05,55.51449966430664,88.19000244140625
2018-01-08,55.71049880981445,88.27999877929688
2018-01-09,55.63949966430664,88.22000122070312
2018-01-10,55.50699996948242,87.81999969482422
2018-01-11,55.602500915527344,88.08000183105469
2018-01-12,56.532501220703125,89.5999984741211
2018-01-16,56.53499984741211,88.3499984741211
2018-01-17,56.95500183105469,90.13999938964844
2018-01-18,56.798500061035156,90.0999984741211
2018-01-19,57.17499923706055,90.0
2018-01-22,58.20800018310547,91.61000061035156
2018-01-23,58.80849838256836,91.9000015258789
2018-01-24,58.56449890136719,91.81999969482422
2018-01-25,59.106998443603516,92.33000183105469
2018-01-26,59.37799835205078,94.05999755859375
2018-01-29,59.32400131225586,93.91999816894531
2018-01-30,58.868499755859375,92.73999786376953
2018-01-31,59.111000061035156,95.01000213623047
2018-02-01,59.079498291015625,94.26000213623047
2018-02-02,55.959999084472656,91.77999877929688
2018-02-05,53.11949920654297,88.0
2018-02-06,54.221500396728516,91.33000183105469
2018-02-07,52.77050018310547,89.61000061035156
2018-02-08,50.385501861572266,85.01000213623047
2018-02-09,52.313499450683594,88.18000030517578
2018-02-12,52.72800064086914,89.12999725341797
2018-02-13,52.707000732421875,89.83000183105469
2018-02-14,53.6349983215332,90.80999755859375
2018-02-15,54.56800079345703,92.66000366210938
2018-02-16,54.775001525878906,92.0
2018-02-20,55.179500579833984,92.72000122070312
2018-02-21,55.6875,91.48999786376953
2018-02-22,55.494998931884766,91.7300033569336
2018-02-23,56.40449905395508,94.05999755859375
2018-02-26,57.185001373291016,95.41999816894531
2018-02-27,55.8754997253418,94.19999694824219
2018-02-28,55.19599914550781,93.7699966430664
2018-03-01,53.570499420166016,92.8499984741211
2018-03-02,54.207000732421875,93.05000305175781
2018-03-05,54.737998962402344,93.63999938964844
2018-03-06,55.04499816894531,93.31999969482422
2018-03-07,55.75199890136719,93.86000061035156
2018-03-08,56.46900177001953,94.43000030517578
2018-03-09,58.04199981689453,96.54000091552734
2018-03-12,58.29650115966797,96.7699966430664
2018-03-13,56.99549865722656,94.41000366210938
2018-03-14,57.44449996948242,93.8499984741211
2018-03-15,57.53049850463867,94.18000030517578
2018-03-16,56.72100067138672,94.5999984741211
2018-03-19,55.003501892089844,92.88999938964844
2018-03-20,54.790000915527344,93.12999725341797
2018-03-21,54.70000076293945,92.4800033569336
2018-03-22,52.657501220703125,89.79000091552734
2018-03-23,51.32749938964844,87.18000030517578
2018-03-26,52.704498291015625,93.77999877929688
2018-03-27,50.34700012207031,89.47000122070312
2018-03-28,50.25899887084961,89.38999938964844
2018-03-29,51.856998443603516,91.2699966430664
2018-04-02,50.631500244140625,88.5199966430664
2018-04-03,50.933998107910156,89.70999908447266
2018-04-04,51.48550033569336,92.33000183105469
2018-04-05,51.63199996948242,92.37999725341797
2018-04-06,50.497501373291016,90.2300033569336
2018-04-09,51.00450134277344,90.7699966430664
2018-04-10,51.82500076293945,92.87999725341797
2018-04-11,51.25299835205078,91.86000061035156
2018-04-12,51.864498138427734,93.58000183105469
2018-04-13,51.801998138427734,93.08000183105469
2018-04-16,52.30500030517578,94.16999816894531
2018-04-17,53.96799850463867,96.06999969482422
2018-04-18,53.769500732421875,96.44000244140625
2018-04-19,54.47249984741211,96.11000061035156
2018-04-20,53.86600112915039,95.0
2018-04-23,53.69049835205078,95.3499984741211
2018-04-24,51.13199996948242,93.12000274658203
2018-04-25,51.14950180053711,92.30999755859375
2018-04-26,52.16550064086914,94.26000213623047
2018-04-27,51.5724983215332,95.81999969482422
2018-04-30,50.92900085449219,93.5199966430664
2018-05-01,52.037498474121094,95.0
2018-05-02,51.3025016784668,93.51000213623047
2018-05-03,51.314998626708984,94.06999969482422
2018-05-04,52.54999923706055,95.16000366210938
2018-05-07,52.972999572753906,96.22000122070312
2018-05-08,52.929500579833984,95.80999755859375
2018-05-09,54.4474983215332,96.94000244140625
2018-05-10,55.27349853515625,97.91000366210938
2018-05-11,55.16899871826172,97.69999694824219
2018-05-14,55.33000183105469,98.02999877929688
2018-05-15,54.243499755859375,97.31999969482422
2018-05-16,54.204498291015625,97.1500015258789
2018-05-17,54.0629997253418,96.18000030517578
2018-05-18,53.481998443603516,96.36000061035156
2018-05-21,54.20050048828125,97.5999984741211
2018-05-22,53.765499114990234,97.5
2018-05-23,54.29800033569336,98.66000366210938
2018-05-24,54.272499084472656,98.30999755859375
2018-05-25,54.20399856567383,98.36000061035156
2018-05-29,53.403499603271484,98.01000213623047
2018-05-30,53.87350082397461,98.94999694824219
2018-05-31,55.0,98.83999633789062
2018-06-01,56.75,100.79000091552734
2018-06-04,57.652000427246094,101.66999816894531
2018-06-05,57.55099868774414,102.19000244140625
2018-06-06,57.34749984741211,102.48999786376953
2018-06-07,56.72100067138672,100.87999725341797
2018-06-08,56.635501861572266,101.62999725341797
2018-06-11,57.04499816894531,101.05000305175781
2018-06-12,57.40950012207031,101.30999755859375
2018-06-13,57.21149826049805,100.8499984741211
2018-06-14,58.00550079345703,101.41999816894531
2018-06-15,57.9635009765625,100.12999725341797
2018-06-18,59.17900085449219,100.86000061035156
2018-06-19,58.93450164794922,100.86000061035156
2018-06-20,59.20349884033203,101.87000274658203
2018-06-21,58.47200012207031,101.13999938964844
2018-06-22,58.464500427246094,100.41000366210938
2018-06-25,56.9640007019043,98.38999938964844
2018-06-26,56.63100051879883,99.08000183105469
2018-06-27,55.84700012207031,97.54000091552734
2018-06-28,56.3390007019043,98.62999725341797
2018-06-29,56.45949935913086,98.61000061035156
2018-07-02,57.105499267578125,100.01000213623047
2018-07-03,55.81399917602539,99.05000305175781
2018-07-05,57.06449890136719,99.76000213623047
2018-07-06,57.75400161743164,101.16000366210938
2018-07-09,58.36399841308594,101.8499984741211
2018-07-10,58.356998443603516,102.12000274658203
2018-07-11,58.573001861572266,101.9800033569336
2018-07-12,60.0629997253418,104.19000244140625
2018-07-13,60.22100067138672,105.43000030517578
2018-07-16,59.82550048828125,104.91000366210938
2018-07-17,60.65399932861328,105.94999694824219
2018-07-18,60.64550018310547,105.12000274658203
2018-07-19,59.95500183105469,104.4000015258789
2018-07-20,59.89400100708008,106.2699966430664
2018-07-23,60.54999923706055,107.97000122070312
2018-07-24,62.907501220703125,107.66000366210938
2018-07-25,63.797000885009766,110.83000183105469
2018-07-26,64.2750015258789,109.62000274658203
2018-07-27,62.644500732421875,107.68000030517578
2018-07-30,61.50199890136719,105.37000274658203
2018-07-31,61.361000061035156,106.08000183105469
2018-08-01,61.64950180053711,106.27999877929688
2018-08-02,62.05649948120117,107.56999969482422
2018-08-03,61.90800094604492,108.04000091552734
2018-08-06,61.88349914550781,108.12999725341797
2018-08-07,62.79199981689453,108.87999725341797
2018-08-08,63.06650161743164,109.48999786376953
2018-08-09,63.222999572753906,109.66999816894531
2018-08-10,62.6254997253418,109.0
2018-08-13,62.43199920654297,108.20999908447266
2018-08-14,62.90700149536133,109.55999755859375
2018-08-15,61.611000061035156,107.66000366210938
2018-08-16,61.202999114990234,107.63999938964844
2018-08-17,60.79249954223633,107.58000183105469
2018-08-20,61.09749984741211,106.87000274658203
2018-08-21,60.87049865722656,105.9800033569336
2018-08-22,61.087501525878906,107.05999755859375
2018-08-23,61.05799865722656,107.55999755859375
2018-08-24,61.837501525878906,108.4000015258789
2018-08-27,62.813499450683594,109.5999984741211
2018-08-28,62.292999267578125,110.26000213623047
2018-08-29,63.23249816894531,112.0199966430664
2018-08-30,62.72200012207031,111.94999694824219
2018-08-31,61.59000015258789,112.33000183105469
2018-09-04,60.56549835205078,111.70999908447266
2018-09-05,59.95500183105469,108.48999786376953
2018-09-06,59.199501037597656,108.73999786376953
2018-09-07,58.87950134277344,108.20999908447266
2018-09-10,58.75299835205078,109.37999725341797
2018-09-11,59.4995002746582,111.23999786376953
2018-09-12,58.58000183105469,111.70999908447266
2018-09-13,59.106998443603516,112.91000366210938
2018-09-14,58.89899826049805,113.37000274658203
2018-09-17,57.99150085449219,112.13999938964844
2018-09-18,58.355499267578125,113.20999908447266
2018-09-19,58.7135009765625,111.69999694824219
2018-09-20,59.57849884033203,113.56999969482422
2018-09-21,58.60599899291992,114.26000213623047
2018-09-24,58.97800064086914,114.66999816894531
2018-09-25,59.69449996948242,114.44999694824219
2018-09-26,59.702999114990234,113.9800033569336
2018-09-27,60.36800003051758,114.41000366210938
2018-09-28,60.354000091552734,114.37000274658203
2018-10-01,60.42649841308594,115.61000061035156
2018-10-02,60.38199996948242,115.1500015258789
2018-10-03,60.576499938964844,115.16999816894531
2018-10-04,58.85350036621094,112.79000091552734
2018-10-05,58.39149856567383,112.12999725341797
2018-10-08,57.79600143432617,110.8499984741211
2018-10-09,57.25849914550781,112.26000213623047
2018-10-10,54.608001708984375,106.16000366210938
2018-10-11,54.5369987487793,105.91000366210938
2018-10-12,56.027000427246094,109.56999969482422
2018-10-15,55.12200164794922,107.5999984741211
2018-10-16,56.65399932861328,111.0
2018-10-17,56.37950134277344,110.70999908447266
2018-10-18,54.89550018310547,108.5
2018-10-19,55.25899887084961,108.66000366210938
2018-10-22,55.56850051879883,109.62999725341797
2018-10-23,55.74549865722656,108.0999984741211
2018-10-24,52.85599899291992,102.31999969482422
2018-10-25,55.179500579833984,108.30000305175781
2018-10-26,54.1875,106.95999908447266
2018-10-29,51.73649978637695,103.8499984741211
2018-10-30,52.47549819946289,103.7300033569336
2018-10-31,54.52899932861328,106.80999755859375
2018-11-01,54.29899978637695,105.91999816894531
2018-11-02,53.574501037597656,106.16000366210938
2018-11-05,52.7864990234375,107.51000213623047
2018-11-06,53.47850036621094,107.72000122070312
2018-11-07,55.4119987487793,111.95999908447266
2018-11-08,54.73149871826172,111.75
2018-11-09,53.85100173950195,109.56999969482422
2018-11-12,52.46799850463867,106.87000274658203
2018-11-13,52.39849853515625,106.94000244140625
2018-11-14,52.729000091552734,104.97000122070312
2018-11-15,53.5525016784668,107.27999877929688
2018-11-16,53.41350173950195,108.29000091552734
2018-11-19,51.37099838256836,104.62000274658203
2018-11-20,51.522499084472656,101.70999908447266
2018-11-21,52.17150115966797,103.11000061035156
2018-11-23,51.505001068115234,103.06999969482422
2018-11-26,52.797000885009766,106.47000122070312
2018-11-27,52.61399841308594,107.13999938964844
2018-11-28,54.589500427246094,111.12000274658203
2018-11-29,54.729000091552734,110.19000244140625
2018-11-30,55.48249816894531,110.88999938964844
2018-12-03,55.81800079345703,112.08999633789062
2018-12-04,53.12350082397461,108.5199966430664
2018-12-06,53.90399932861328,109.19000244140625
2018-12-07,52.32899856567383,104.81999969482422
2018-12-10,52.659000396728516,107.58999633789062
2018-12-11,53.08250045776367,108.58999633789062
2018-12-12,53.686500549316406,109.08000183105469
2018-12-13,53.676998138427734,109.44999694824219
2018-12-14,52.58549880981445,106.02999877929688
2018-12-17,51.282501220703125,102.88999938964844
2018-12-18,52.170501708984375,103.97000122070312
2018-12-19,51.77299880981445,103.69000244140625
2018-12-20,51.17900085449219,101.51000213623047
2018-12-21,49.5625,98.2300033569336
2018-12-24,49.23350143432617,94.12999725341797
2018-12-26,52.39250183105469,100.55999755859375
2018-12-27,52.64500045776367,101.18000030517578
2018-12-28,52.33399963378906,100.38999938964844
2018-12-31,52.24800109863281,101.56999969482422
2019-01-02,52.73400115966797,101.12000274658203
2019-01-03,51.27349853515625,97.4000015258789
2019-01-04,53.903499603271484,101.93000030517578
2019-01-07,53.79600143432617,102.05999755859375
2019-01-08,54.26850128173828,102.80000305175781
2019-01-09,54.08250045776367,104.2699966430664
2019-01-10,53.94150161743164,103.5999984741211
2019-01-11,53.2234992980957,102.80000305175781
2019-01-14,52.57550048828125,102.05000305175781
2019-01-15,54.32550048828125,105.01000213623047
2019-01-16,54.47549819946289,105.37999725341797
2019-01-17,54.95600128173828,106.12000274658203
2019-01-18,55.3650016784668,107.70999908447266
2019-01-22,53.93149948120117,105.68000030517578
2019-01-23,54.22050094604492,106.70999908447266
2019-01-24,54.20000076293945,106.19999694824219
2019-01-25,55.07550048828125,107.16999816894531
2019-01-28,53.99300003051758,105.08000183105469
2019-01-29,53.50299835205078,102.94000244140625
2019-01-30,54.89950180053711,106.37999725341797
2019-01-31,56.294498443603516,104.43000030517578
2019-02-01,55.930999755859375,102.77999877929688
2019-02-04,57.07099914550781,105.73999786376953
2019-02-05,57.59349822998047,107.22000122070312
2019-02-06,56.144500732421875,106.02999877929688
2019-02-07,55.295501708984375,105.2699966430664
2019-02-08,55.11899948120117,105.66999816894531
2019-02-11,55.10599899291992,105.25
2019-02-12,56.37900161743164,106.88999938964844
2019-02-13,56.43149948120117,106.80999755859375
2019-02-14,56.459999084472656,106.9000015258789
2019-02-15,55.98149871826172,108.22000122070312
2019-02-19,56.32550048828125,108.16999816894531
2019-02-20,56.02949905395508,107.1500015258789
2019-02-21,55.21049880981445,109.41000366210938
2019-02-22,55.827999114990234,110.97000122070312
2019-02-25,55.86650085449219,111.58999633789062
2019-02-26,56.10049819946289,112.36000061035156
2019-02-27,56.144500732421875,112.16999816894531
2019-02-28,56.32749938964844,112.02999877929688
2019-03-01,57.42599868774414,112.52999877929688
2019-03-04,57.67100143432617,112.26000213623047
2019-03-05,58.45949935913086,111.69999694824219
2019-03-06,58.24700164794922,111.75
2019-03-07,57.54249954223633,110.38999938964844
2019-03-08,57.49850082397461,110.51000213623047
2019-03-11,58.9630012512207,112.83000183105469
2019-03-12,59.86249923706055,113.62000274658203
2019-03-13,59.952999114990234,114.5
2019-03-14,59.62649917602539,114.58999633789062
2019-03-15,59.51499938964844,115.91000366210938
2019-03-18,59.4275016784668,117.56999969482422
2019-03-19,60.12300109863281,117.6500015258789
2019-03-20,61.32149887084961,117.5199966430664
2019-03-21,61.80649948120117,120.22000122070312
2019-03-22,60.38249969482422,117.05000305175781
2019-03-25,59.86899948120117,117.66000366210938
2019-03-26,59.492000579833984,117.91000366210938
2019-03-27,58.9005012512207,116.7699966430664
2019-03-28,58.61349868774414,116.93000030517578
2019-03-29,58.84450149536133,117.94000244140625
2019-04-01,59.94900131225586,119.0199966430664
2019-04-02,60.277000427246094,119.19000244140625
2019-04-03,60.54050064086914,119.97000122070312
2019-04-04,60.97249984741211,119.36000061035156
2019-04-05,60.5724983215332,119.88999938964844
2019-04-08,60.41400146484375,119.93000030517578
2019-04-09,60.134498596191406,119.27999877929688
2019-04-10,60.3224983215332,120.19000244140625
2019-04-11,60.47949981689453,120.33000183105469
2019-04-12,61.13650131225586,120.94999694824219
2019-04-15,61.326499938964844,121.05000305175781
2019-04-16,61.59550094604492,120.7699966430664
2019-04-17,62.00699996948242,121.7699966430664
2019-04-18,62.07350158691406,123.37000274658203
2019-04-22,62.6879997253418,123.76000213623047
2019-04-23,63.52949905395508,125.44000244140625
2019-04-24,63.002498626708984,125.01000213623047
2019-04-25,63.367000579833984,129.14999389648438
2019-04-26,63.87099838256836,129.88999938964844
2019-04-29,64.80999755859375,129.77000427246094
2019-04-30,59.948001861572266,130.60000610351562
2019-05-01,58.66600036621094,127.87999725341797
2019-05-02,58.32550048828125,126.20999908447266
2019-05-03,59.477500915527344,128.89999389648438
2019-05-06,59.67300033569336,128.14999389648438
2019-05-07,58.94300079345703,125.5199966430664
2019-05-08,58.53900146484375,125.51000213623047
2019-05-09,58.39849853515625,125.5
2019-05-10,58.38199996948242,127.12999725341797
2019-05-13,56.829498291015625,123.3499984741211
2019-05-14,56.24300003051758,124.7300033569336
2019-05-15,58.540000915527344,126.0199966430664
2019-05-16,59.224998474121094,128.92999267578125
2019-05-17,58.43899917602539,128.07000732421875
2019-05-20,57.233001708984375,126.22000122070312
2019-05-21,57.72200012207031,126.9000015258789
2019-05-22,57.79249954223633,127.66999816894531
2019-05-23,57.266998291015625,126.18000030517578
2019-05-24,56.93050003051758,126.23999786376953
2019-05-28,56.97800064086914,126.16000366210938
2019-05-29,55.99700164794922,124.94000244140625
2019-05-30,56.070499420166016,125.7300033569336
2019-05-31,55.32500076293945,123.68000030517578
2019-06-03,51.9370002746582,119.83999633789062
2019-06-04,52.7244987487793,123.16000366210938
2019-06-05,52.231998443603516,125.83000183105469
2019-06-06,52.38800048828125,127.81999969482422
2019-06-07,53.41849899291992,131.39999389648438
2019-06-10,54.13800048828125,132.60000610351562
2019-06-11,54.051998138427734,132.10000610351562
2019-06-12,53.95500183105469,131.49000549316406
2019-06-13,54.550498962402344,132.32000732421875
2019-06-14,54.314998626708984,132.4499969482422
2019-06-17,54.69449996948242,132.85000610351562
2019-06-18,55.262001037597656,135.16000366210938
2019-06-19,55.22549819946289,135.69000244140625
2019-06-20,55.65999984741211,136.9499969482422
2019-06-21,56.26850128173828,136.97000122070312
2019-06-24,55.834999084472656,137.77999877929688
2019-06-25,54.37900161743164,133.42999267578125
2019-06-26,54.01599884033203,133.92999267578125
2019-06-27,53.83150100708008,134.14999389648438
2019-06-28,54.13999938964844,133.9600067138672
2019-07-01,55.0,135.67999267578125
2019-07-02,55.630001068115234,136.5800018310547
2019-07-03,56.14950180053711,137.4600067138672
2019-07-05,56.63349914550781,137.05999755859375
2019-07-08,55.839500427246094,136.9600067138672
2019-07-09,56.214500427246094,136.4600067138672
2019-07-10,57.045501708984375,137.85000610351562
2019-07-11,57.20399856567383,138.39999389648438
2019-07-12,57.266998291015625,138.89999389648438
2019-07-15,57.5255012512207,138.89999389648438
2019-07-16,57.67300033569336,137.0800018310547
2019-07-17,57.33700180053711,136.27000427246094
2019-07-18,57.36199951171875,136.4199981689453
2019-07-19,56.57749938964844,136.6199951171875
2019-07-22,56.96049880981445,138.42999267578125
2019-07-23,57.40250015258789,139.2899932861328
2019-07-24,56.98649978637695,140.72000122070312
2019-07-25,56.797000885009766,140.19000244140625
2019-07-26,62.26100158691406,141.33999633789062
2019-07-29,62.09199905395508,141.02999877929688
2019-07-30,61.400001525878906,140.35000610351562
2019-07-31,60.90999984741211,136.27000427246094
2019-08-01,60.5890007019043,138.05999755859375
2019-08-02,59.816001892089844,136.89999389648438
2019-08-05,57.73749923706055,132.2100067138672
2019-08-06,58.55400085449219,134.69000244140625
2019-08-07,58.795501708984375,135.27999877929688
2019-08-08,60.30950164794922,138.88999938964844
2019-08-09,59.44499969482422,137.7100067138672
2019-08-12,58.724998474121094,135.7899932861328
2019-08-13,59.83649826049805,138.60000610351562
2019-08-14,58.212501525878906,133.97999572753906
2019-08-15,58.465999603271484,133.67999267578125
2019-08-16,58.96049880981445,136.1300048828125
2019-08-19,60.02199935913086,138.41000366210938
2019-08-20,59.17649841308594,137.25999450683594
2019-08-21,59.57899856567383,138.7899932861328
2019-08-22,59.57600021362305,137.77999877929688
2019-08-23,57.67900085449219,133.38999938964844
2019-08-26,58.558998107910156,135.4499969482422
2019-08-27,58.54100036621094,135.74000549316406
2019-08-28,58.6875,135.55999755859375
2019-08-29,59.71200180053711,138.1199951171875
2019-08-30,59.5265007019043,137.86000061035156
2019-09-03,58.477500915527344,136.0399932861328
2019-09-04,59.11349868774414,137.6300048828125
2019-09-05,60.609500885009766,140.0500030517578
2019-09-06,60.316001892089844,139.10000610351562
2019-09-09,60.26350021362305,137.52000427246094
2019-09-10,60.28499984741211,136.0800018310547
2019-09-11,61.0,136.1199951171875
2019-09-12,61.74850082397461,137.52000427246094
2019-09-13,62.00149917602539,137.32000732421875
2019-09-16,61.58150100708008,136.3300018310547
2019-09-17,61.49399948120117,137.38999938964844
2019-09-18,61.63249969482422,138.52000427246094
2019-09-19,61.9375,141.07000732421875
2019-09-20,61.492000579833984,139.44000244140625
2019-09-23,61.734500885009766,139.13999938964844
2019-09-24,60.916500091552734,137.3800048828125
2019-09-25,62.297000885009766,139.36000061035156
2019-09-26,62.114498138427734,139.5399932861328
2019-09-27,61.29750061035156,137.72999572753906
2019-09-30,61.05699920654297,139.02999877929688
2019-10-01,60.29999923706055,137.07000732421875
2019-10-02,58.895999908447266,134.64999389648438
2019-10-03,59.471500396728516,136.27999877929688
2019-10-04,60.54800033569336,138.1199951171875
2019-10-07,60.412498474121094,137.1199951171875
2019-10-08,59.506500244140625,135.6699981689453
2019-10-09,60.119998931884766,138.24000549316406
2019-10-10,60.4734992980957,139.10000610351562
2019-10-11,60.785499572753906,139.67999267578125
2019-10-14,60.88850021362305,139.5500030517578
2019-10-15,62.11199951171875,141.57000732421875
2019-10-16,62.150001525878906,140.41000366210938
2019-10-17,62.63999938964844,139.69000244140625
2019-10-18,62.22050094604492,137.41000366210938
2019-10-21,62.2140007019043,138.42999267578125
2019-10-22,62.060001373291016,136.3699951171875
2019-10-23,62.881500244140625,137.24000549316406
2019-10-24,62.955501556396484,139.94000244140625
2019-10-25,63.21500015258789,140.72999572753906
2019-10-28,64.4489974975586,144.19000244140625
2019-10-29,63.03300094604492,142.8300018310547
2019-10-30,63.03499984741211,144.61000061035156
2019-10-31,62.939998626708984,143.3699951171875
2019-11-01,63.61249923706055,143.72000122070312
2019-11-04,64.48049926757812,144.5500030517578
2019-11-05,64.5719985961914,144.4600067138672
2019-11-06,64.55049896240234,144.05999755859375
2019-11-07,65.34700012207031,144.25999450683594
2019-11-08,65.44999694824219,145.9600067138672
2019-11-11,64.91400146484375,146.11000061035156
2019-11-12,64.8604965209961,147.07000732421875
2019-11-13,64.80899810791016,147.30999755859375
2019-11-14,65.4574966430664,148.05999755859375
2019-11-15,66.677001953125,149.97000122070312
2019-11-18,65.99199676513672,150.33999633789062
2019-11-19,65.62950134277344,150.38999938964844
2019-11-20,65.09300231933594,149.6199951171875
2019-11-21,65.00700378417969,149.47999572753906
2019-11-22,64.68350219726562,149.58999633789062
2019-11-25,65.28199768066406,151.22999572753906
2019-11-26,65.6500015258789,152.02999877929688
2019-11-27,65.60649871826172,152.32000732421875
2019-11-29,65.20449829101562,151.3800048828125
2019-12-02,64.44300079345703,149.5500030517578
2019-12-03,64.73699951171875,149.30999755859375
2019-12-04,65.9469985961914,149.85000610351562
2019-12-05,66.3479995727539,149.92999267578125
2019-12-06,66.96949768066406,151.75
2019-12-09,67.14949798583984,151.36000061035156
2019-12-10,67.14450073242188,151.1300048828125
2019-12-11,67.2125015258789,151.6999969482422
2019-12-12,67.42449951171875,153.24000549316406
2019-12-13,67.34349822998047,154.52999877929688
2019-12-16,68.03500366210938,155.52999877929688
2019-12-17,67.74449920654297,154.69000244140625
2019-12-18,67.59549713134766,154.3699951171875
2019-12-19,67.8219985961914,155.7100067138672
2019-12-20,67.56099700927734,157.41000366210938
2019-12-23,67.53150177001953,157.41000366210938
2019-12-24,67.22149658203125,157.3800048828125
2019-12-26,68.12349700927734,158.6699981689453
2019-12-27,67.73200225830078,158.9600067138672
2019-12-30,66.9854965209961,157.58999633789062
2019-12-31,66.96949768066406,157.6999969482422
2020-01-02,68.43399810791016,160.6199951171875
2020-01-03,68.07599639892578,158.6199951171875
2020-01-06,69.8905029296875,159.02999877929688
2020-01-07,69.75550079345703,157.5800018310547
2020-01-08,70.25199890136719,160.08999633789062
2020-01-09,70.989501953125,162.08999633789062
2020-01-10,71.447998046875,161.33999633789062
2020-01-13,72.00150299072266,163.27999877929688
2020-01-14,71.52950286865234,162.1300048828125
2020-01-15,71.95999908447266,163.17999267578125
2020-01-16,72.50800323486328,166.1699981689453
2020-01-17,73.97599792480469,167.10000610351562
2020-01-21,74.11250305175781,166.5
2020-01-22,74.19349670410156,165.6999969482422
2020-01-23,74.2344970703125,166.72000122070312
2020-01-24,73.30850219726562,165.0399932861328
2020-01-27,71.58650207519531,162.27999877929688
2020-01-28,72.5250015258789,165.4600067138672
2020-01-29,72.83499908447266,168.0399932861328
2020-01-30,72.7125015258789,172.77999877929688
2020-01-31,71.63899993896484,170.22999572753906
2020-02-03,74.12999725341797,174.3800048828125
2020-02-04,72.27050018310547,180.1199951171875
2020-02-05,72.30249786376953,179.89999389648438
2020-02-06,73.79850006103516,183.6300048828125
2020-02-07,73.95549774169922,183.88999938964844
2020-02-10,75.43299865722656,188.6999969482422
2020-02-11,75.50299835205078,184.44000244140625
2020-02-12,75.93150329589844,184.7100067138672
2020-02-13,75.66950225830078,183.7100067138672
2020-02-14,75.9365005493164,185.35000610351562
2020-02-18,75.97200012207031,187.22999572753906
2020-02-19,76.24349975585938,187.27999877929688
2020-02-20,75.84950256347656,184.4199981689453
2020-02-21,74.1729965209961,178.58999633789062
2020-02-24,70.99299621582031,170.88999938964844
2020-02-25,69.31600189208984,168.07000732421875
2020-02-26,69.52349853515625,170.1699981689453
2020-02-27,65.74749755859375,158.17999267578125
2020-02-28,66.9625015258789,162.00999450683594
2020-03-02,69.31600189208984,172.7899932861328
2020-03-03,66.88600158691406,164.50999450683594
2020-03-04,69.08000183105469,170.5500030517578
2020-03-05,65.73799896240234,166.27000427246094
2020-03-06,64.78700256347656,161.57000732421875
2020-03-09,60.78950119018555,150.6199951171875
2020-03-10,63.75849914550781,160.9199981689453
2020-03-11,60.54499816894531,153.6300048828125
2020-03-12,55.57749938964844,139.05999755859375
2020-03-13,60.7135009765625,158.8300018310547
2020-03-16,53.650001525878906,135.4199981689453
2020-03-17,55.90299987792969,146.57000732421875
2020-03-18,54.55950164794922,140.39999389648438
2020-03-19,55.583499908447266,142.7100067138672
2020-03-20,53.410499572753906,137.35000610351562
2020-03-23,52.70650100708008,135.97999572753906
2020-03-24,56.5004997253418,148.33999633789062
2020-03-25,55.08100128173828,146.9199981689453
2020-03-26,58.145999908447266,156.11000061035156
2020-03-27,55.51300048828125,149.6999969482422
2020-03-30,57.31549835205078,160.22999572753906
2020-03-31,58.09749984741211,157.7100067138672
2020-04-01,55.10499954223633,152.11000061035156
2020-04-02,55.85150146484375,155.25999450683594
2020-04-03,54.6349983215332,153.8300018310547
2020-04-06,59.15950012207031,165.27000427246094
2020-04-07,59.12799835205078,163.49000549316406
2020-04-08,60.349998474121094,165.1300048828125
2020-04-09,60.32849884033203,165.13999938964844
2020-04-13,60.52050018310547,165.50999450683594
2020-04-14,63.26150131225586,173.6999969482422
2020-04-15,62.8650016784668,171.8800048828125
2020-04-16,62.871498107910156,177.0399932861328
2020-04-17,63.95000076293945,178.60000610351562
2020-04-20,63.057498931884766,175.05999755859375
2020-04-21,60.608001708984375,167.82000732421875
2020-04-22,62.920501708984375,173.52000427246094
2020-04-23,63.55849838256836,171.4199981689453
2020-04-24,63.83000183105469,174.5500030517578
2020-04-27,63.542999267578125,174.0500030517578
2020-04-28,61.62950134277344,169.80999755859375
2020-04-29,67.10900115966797,177.42999267578125
2020-04-30,67.33499908447266,179.2100067138672
2020-05-01,65.86599731445312,174.57000732421875
2020-05-04,66.1449966430664,178.83999633789062
2020-05-05,67.45099639892578,180.75999450683594
2020-05-06,67.27149963378906,182.5399932861328
2020-05-07,68.46399688720703,183.60000610351562
2020-05-08,69.21700286865234,184.67999267578125
2020-05-11,70.17949676513672,186.74000549316406
2020-05-12,68.75900268554688,182.50999450683594
2020-05-13,67.41649627685547,179.75
2020-05-14,67.84300231933594,180.52999877929688
2020-05-15,68.65299987792969,183.16000366210938
2020-05-18,69.25900268554688,184.91000366210938
2020-05-19,68.72000122070312,183.6300048828125
2020-05-20,70.45800018310547,185.66000366210938
2020-05-21,70.3375015258789,183.42999267578125
2020-05-22,70.66200256347656,183.50999450683594
2020-05-26,71.06849670410156,181.57000732421875
2020-05-27,71.01399993896484,181.80999755859375
2020-05-28,70.91200256347656,181.39999389648438
2020-05-29,71.6760025024414,183.25
2020-06-01,71.74349975585938,182.8300018310547
2020-06-02,72.1155014038086,184.91000366210938
2020-06-03,71.9625015258789,185.36000061035156
2020-06-04,70.71499633789062,182.9199981689453
2020-06-05,72.0009994506836,187.1999969482422
2020-06-08,72.4020004272461,188.36000061035156
2020-06-09,72.60399627685547,189.8000030517578
2020-06-10,73.23500061035156,196.83999633789062
2020-06-11,70.09500122070312,186.27000427246094
2020-06-12,70.64600372314453,187.74000549316406
2020-06-15,71.03700256347656,188.94000244140625
2020-06-16,72.32350158691406,193.57000732421875
2020-06-17,72.62699890136719,194.24000549316406
2020-06-18,71.70600128173828,196.32000732421875
2020-06-19,71.23200225830078,195.14999389648438
2020-06-22,72.53299713134766,200.57000732421875
2020-06-23,73.1989974975586,201.91000366210938
2020-06-24,71.63500213623047,197.83999633789062
2020-06-25,72.05500030517578,200.33999633789062
2020-06-26,68.12699890136719,196.3300018310547
2020-06-29,69.8584976196289,198.44000244140625
2020-06-30,70.90249633789062,203.50999450683594
2020-07-01,72.0999984741211,204.6999969482422
2020-07-02,73.49649810791016,206.25999450683594
2020-07-06,74.98249816894531,210.6999969482422
2020-07-07,74.49600219726562,208.25
2020-07-08,75.18000030517578,212.8300018310547
2020-07-09,75.93299865722656,214.32000732421875
2020-07-10,76.95050048828125,213.6699981689453
2020-07-13,75.61150360107422,207.07000732421875
2020-07-14,76.04299926757812,208.35000610351562
2020-07-15,75.84400177001953,208.0399932861328
2020-07-16,75.74600219726562,203.9199981689453
2020-07-17,75.84249877929688,202.8800048828125
2020-07-20,78.19200134277344,211.60000610351562
2020-07-21,77.7959976196289,208.75
2020-07-22,78.24250030517578,211.75
2020-07-23,75.8375015258789,202.5399932861328
2020-07-24,75.4104995727539,201.3000030517578
2020-07-27,76.47149658203125,203.85000610351562
2020-07-28,75.18250274658203,202.02000427246094
2020-07-29,76.17549896240234,204.05999755859375
2020-07-30,76.91850280761719,203.89999389648438
2020-07-31,74.39749908447266,205.00999450683594
2020-08-03,74.13800048828125,216.5399932861328
2020-08-04,73.66500091552734,213.2899932861328
2020-08-05,73.95449829101562,212.94000244140625
2020-08-06,75.24749755859375,216.35000610351562
2020-08-07,74.91850280761719,212.47999572753906
2020-08-10,74.84100341796875,208.25
2020-08-11,74.0270004272461,203.3800048828125
2020-08-12,75.36199951171875,209.19000244140625
2020-08-13,75.8324966430664,208.6999969482422
2020-08-14,75.23149871826172,208.89999389648438
2020-08-17,75.81199645996094,210.27999877929688
2020-08-18,77.78900146484375,211.49000549316406
2020-08-19,77.23049926757812,209.6999969482422
2020-08-20,78.8125,214.5800018310547
2020-08-21,78.77850341796875,213.02000427246094
2020-08-24,79.25749969482422,213.69000244140625
2020-08-25,80.2925033569336,216.47000122070312
2020-08-26,82.20649719238281,221.14999389648438
2020-08-27,81.4260025024414,226.5800018310547
2020-08-28,81.97149658203125,228.91000366210938
2020-08-31,81.47650146484375,225.52999877929688
2020-09-01,82.75399780273438,227.27000427246094
2020-09-02,85.86949920654297,231.64999389648438
2020-09-03,81.47550201416016,217.3000030517578
2020-09-04,79.06050109863281,214.25
2020-09-08,76.18000030517578,202.66000366210938
2020-09-09,77.36150360107422,211.2899932861328
2020-09-10,76.30249786376953,205.3699951171875
2020-09-11,75.78800201416016,204.02999877929688
2020-09-14,75.44149780273438,205.41000366210938
2020-09-15,76.75599670410156,208.77999877929688
2020-09-16,75.60449981689453,205.0500030517578
2020-09-17,74.35199737548828,202.91000366210938
2020-09-18,72.55449676513672,200.38999938964844
2020-09-21,71.50700378417969,202.5399932861328
2020-09-22,72.99099731445312,207.4199981689453
2020-09-23,70.46949768066406,200.58999633789062
2020-09-24,71.14299774169922,203.19000244140625
2020-09-25,71.9530029296875,207.82000732421875
2020-09-28,72.93299865722656,209.44000244140625
2020-09-29,73.3010025024414,207.25999450683594
2020-09-30,73.27999877929688,210.3300018310547
2020-10-01,74.3949966430664,212.4600067138672
2020-10-02,72.77999877929688,206.19000244140625
2020-10-05,74.1415023803711,210.3800048828125
2020-10-06,72.5510025024414,205.91000366210938
2020-10-07,72.95700073242188,209.8300018310547
2020-10-08,74.17150115966797,210.5800018310547
2020-10-09,75.52249908447266,215.80999755859375
2020-10-12,78.22949981689453,221.39999389648438
2020-10-13,78.35350036621094,222.86000061035156
2020-10-14,78.1719970703125,220.86000061035156
2020-10-15,77.77349853515625,219.66000366210938
2020-10-16,78.38500213623047,219.66000366210938
2020-10-19,76.49749755859375,214.22000122070312
2020-10-20,77.55400085449219,214.64999389648438
2020-10-21,79.29949951171875,214.8000030517578
2020-10-22,80.33300018310547,214.88999938964844
2020-10-23,81.64900207519531,216.22999572753906
2020-10-26,79.2145004272461,210.0800018310547
2020-10-27,79.94400024414062,213.25
2020-10-28,75.54000091552734,202.67999267578125
2020-10-29,77.84400177001953,204.72000122070312
2020-10-30,80.80549621582031,202.47000122070312
2020-11-02,81.21600341796875,202.3300018310547
2020-11-03,82.28299713134766,206.42999267578125
2020-11-04,87.2925033569336,216.38999938964844
2020-11-05,88.125,223.2899932861328
2020-11-06,87.98650360107422,223.72000122070312
2020-11-09,88.07099914550781,218.38999938964844
2020-11-10,86.88600158691406,211.00999450683594
2020-11-11,87.36150360107422,216.5500030517578
2020-11-12,87.14099884033203,215.44000244140625
2020-11-13,88.61299896240234,216.50999450683594
2020-11-16,88.70149993896484,217.22999572753906
2020-11-17,88.08300018310547,214.4600067138672
2020-11-18,87.03199768066406,211.0800018310547
2020-11-19,87.92849731445312,212.4199981689453
2020-11-20,86.81900024414062,210.38999938964844
2020-11-23,86.37799835205078,210.11000061035156
2020-11-24,88.19499969482422,213.86000061035156
2020-11-25,88.20649719238281,213.8699951171875
2020-11-27,89.35099792480469,215.22999572753906
2020-11-30,87.72000122070312,214.07000732421875
2020-12-01,89.76799774169922,216.2100067138672
2020-12-02,91.24849700927734,215.3699951171875
2020-12-03,91.09200286865234,214.24000549316406
2020-12-04,91.18800354003906,214.36000061035156
2020-12-07,90.85150146484375,214.2899932861328
2020-12-08,90.56649780273438,216.00999450683594
2020-12-09,88.89299774169922,211.8000030517578
2020-12-10,88.38249969482422,210.52000427246094
2020-12-11,88.73999786376953,213.25999450683594
2020-12-14,87.61299896240234,214.1999969482422
2020-12-15,88.05400085449219,214.1300048828125
2020-12-16,87.8594970703125,219.27999877929688
2020-12-17,87.02549743652344,219.4199981689453
2020-12-18,86.31099700927734,218.58999633789062
2020-12-21,86.72799682617188,222.58999633789062
2020-12-22,86.01100158691406,223.94000244140625
2020-12-23,86.4114990234375,221.02000427246094
2020-12-24,86.70800018310547,222.75
2020-12-28,88.697998046875,224.9600067138672
2020-12-29,87.88800048828125,224.14999389648438
2020-12-30,86.8125,221.67999267578125
2020-12-31,87.63200378417969,222.4199981689453
2021-01-04,86.30650329589844,217.69000244140625
2021-01-05,87.00250244140625,217.89999389648438
2021-01-06,86.14399719238281,212.25
2021-01-07,88.71700286865234,218.2899932861328
2021-01-08,89.8915023803711,219.6199951171875
2021-01-11,87.81449890136719,217.49000549316406
2021-01-12,86.87149810791016,214.92999267578125
2021-01-13,87.36250305175781,216.33999633789062
2021-01-14,86.5459976196289,213.02000427246094
2021-01-15,86.38099670410156,212.64999389648438
2021-01-19,89.22350311279297,216.44000244140625
2021-01-20,94.00350189208984,224.33999633789062
2021-01-21,94.2074966430664,224.97000122070312
2021-01-22,94.62799835205078,225.9499969482422
2021-01-25,94.71399688720703,229.52999877929688
2021-01-26,95.39749908447266,232.3300018310547
2021-01-27,90.9469985961914,232.89999389648438
2021-01-28,92.66000366210938,238.92999267578125
2021-01-29,91.36799621582031,231.9600067138672
2021-02-01,94.65350341796875,239.64999389648438
2021-02-02,95.95600128173828,239.50999450683594
2021-02-03,102.94400024414062,243.0
2021-02-04,102.68150329589844,242.00999450683594
2021-02-05,104.44149780273438,242.1999969482422
2021-02-08,104.22599792480469,242.47000122070312
2021-02-09,103.76950073242188,243.77000427246094
2021-02-10,104.3239974975586,242.82000732421875
2021-02-11,104.4375,244.49000549316406
2021-02-12,104.75150299072266,244.99000549316406
2021-02-16,105.53500366210938,243.6999969482422
2021-02-17,105.93099975585938,244.1999969482422
2021-02-18,105.29049682617188,243.7899932861328
2021-02-19,104.44049835205078,240.97000122070312
2021-02-22,102.71299743652344,234.50999450683594
2021-02-23,103.00599670410156,233.27000427246094
2021-02-24,104.19049835205078,234.5500030517578
2021-02-25,100.79750061035156,228.99000549316406
2021-02-26,101.09549713134766,232.3800048828125
2021-03-01,103.48300170898438,236.94000244140625
2021-03-02,103.2239990234375,233.8699951171875
2021-03-03,100.57050323486328,227.55999755859375
2021-03-04,101.69650268554688,226.72999572753906
2021-03-05,104.85350036621094,231.60000610351562
2021-03-08,100.375,227.38999938964844
2021-03-09,102.01799774169922,233.77999877929688
2021-03-10,101.80950164794922,232.4199981689453
2021-03-11,105.0270004272461,237.1300048828125
2021-03-12,102.5,235.75
2021-03-15,102.72200012207031,234.80999755859375
2021-03-16,104.19450378417969,237.7100067138672
2021-03-17,104.11100006103516,237.0399932861328
2021-03-18,101.06700134277344,230.72000122070312
2021-03-19,101.3479995727539,230.35000610351562
2021-03-22,101.53450012207031,235.99000549316406
2021-03-23,102.06649780273438,237.5800018310547
2021-03-24,101.62650299072266,235.4600067138672
2021-03-25,101.62300109863281,232.33999633789062
2021-03-26,101.23650360107422,236.47999572753906
2021-03-29,102.28949737548828,235.24000549316406
2021-03-30,102.32350158691406,231.85000610351562
2021-03-31,103.1259994506836,235.77000427246094
2021-04-01,106.48899841308594,242.35000610351562
2021-04-05,110.947998046875,249.07000732421875
2021-04-06,110.46299743652344,247.86000061035156
2021-04-07,111.95149993896484,249.89999389648438
2021-04-08,112.52149963378906,253.25
2021-04-09,113.53350067138672,255.85000610351562
2021-04-12,112.23100280761719,255.91000366210938
2021-04-13,112.72149658203125,258.489990234375
2021-04-14,112.09549713134766,255.58999633789062
2021-04-15,114.26249694824219,259.5
2021-04-16,114.13749694824219,260.739990234375
2021-04-19,114.48799896240234,258.739990234375
2021-04-20,113.95050048828125,258.260009765625
2021-04-21,113.9175033569336,260.5799865722656
2021-04-22,112.6259994506836,257.1700134277344
2021-04-23,114.99649810791016,261.1499938964844
2021-04-26,115.49649810791016,261.54998779296875
2021-04-27,114.54900360107422,261.9700012207031
2021-04-28,117.9520034790039,254.55999755859375
2021-04-29,119.63800048828125,252.50999450683594
2021-04-30,117.67500305175781,252.17999267578125
2021-05-03,117.15399932861328,251.86000061035156
2021-05-04,115.34149932861328,247.7899932861328
2021-05-05,115.7385025024414,246.47000122070312
2021-05-06,116.86750030517578,249.72999572753906
2021-05-07,117.59649658203125,252.4600067138672
2021-05-10,114.5875015258789,247.17999267578125
2021-05-11,113.50299835205078,246.22999572753906
2021-05-12,110.01249694824219,239.0
2021-05-13,111.4520034790039,243.02999877929688
2021-05-14,113.91899871826172,248.14999389648438
2021-05-17,114.44599914550781,245.17999267578125
2021-05-18,113.12349700927734,243.0800018310547
2021-05-19,113.57499694824219,243.1199951171875
2021-05-20,115.34750366210938,246.47999572753906
2021-05-21,114.70649719238281,245.1699981689453
2021-05-24,118.052001953125,250.77999877929688
2021-05-25,118.14350128173828,251.72000122070312
2021-05-26,119.0155029296875,251.49000549316406
2021-05-27,118.13400268554688,249.30999755859375
2021-05-28,117.84249877929688,249.67999267578125
2021-06-01,119.05899810791016,247.39999389648438
2021-06-02,118.52950286865234,247.3000030517578
2021-06-03,117.37899780273438,245.7100067138672
2021-06-04,119.67849731445312,250.7899932861328
2021-06-07,120.11499786376953,253.80999755859375
2021-06-08,119.9219970703125,252.57000732421875
2021-06-09,120.39700317382812,253.58999633789062
2021-06-10,121.75650024414062,257.239990234375
2021-06-11,121.51000213623047,257.8900146484375
2021-06-14,122.44550323486328,259.8900146484375
2021-06-15,121.41950225830078,258.3599853515625
2021-06-16,120.77249908447266,257.3800048828125
2021-06-17,121.74349975585938,260.8999938964844
2021-06-18,120.11100006103516,259.42999267578125
2021-06-21,121.8125,262.6300048828125
2021-06-22,122.33049774169922,265.510009765625
2021-06-23,122.12699890136719,265.2699890136719
2021-06-24,122.5,266.69000244140625
2021-06-25,122.50849914550781,265.0199890136719
2021-06-28,122.53600311279297,268.7200012207031
2021-06-29,122.27249908447266,271.3999938964844
2021-06-30,122.0895004272461,270.8999938964844
2021-07-01,122.44450378417969,271.6000061035156
2021-07-02,125.25749969482422,277.6499938964844
2021-07-06,126.19000244140625,277.6600036621094
2021-07-07,126.4739990234375,279.92999267578125
2021-07-08,125.04399871826172,277.4200134277344
2021-07-09,125.51850128173828,277.94000244140625
2021-07-12,126.97550201416016,277.32000732421875
2021-07-13,127.34149932861328,280.9800109863281
2021-07-14,128.23699951171875,282.510009765625
2021-07-15,127.00499725341797,281.0299987792969
2021-07-16,126.97000122070312,280.75
2021-07-19,124.5780029296875,277.010009765625
2021-07-20,126.20950317382812,279.32000732421875
2021-07-21,127.54900360107422,281.3999938964844
2021-07-22,128.42149353027344,286.1400146484375
2021-07-23,133.01499938964844,289.6700134277344
2021-07-26,134.03500366210938,289.04998779296875
2021-07-27,131.89999389648438,286.5400085449219
2021-07-28,136.093994140625,286.2200012207031
2021-07-29,135.77749633789062,286.5
2021-07-30,134.72650146484375,284.9100036621094
2021-08-02,134.85450744628906,284.82000732421875
2021-08-03,135.6300048828125,287.1199951171875
2021-08-04,135.12550354003906,286.510009765625
2021-08-05,136.25149536132812,289.5199890136719
2021-08-06,135.73849487304688,289.4599914550781
2021-08-09,136.91299438476562,288.3299865722656
2021-08-10,136.8070068359375,286.44000244140625
2021-08-11,136.2790069580078,286.95001220703125
2021-08-12,137.19400024414062,289.80999755859375
2021-08-13,137.7274932861328,292.8500061035156
2021-08-16,138.3094940185547,294.6000061035156
2021-08-17,136.6614990234375,293.0799865722656
2021-08-18,135.44900512695312,290.7300109863281
2021-08-19,135.67999267578125,296.7699890136719
2021-08-20,137.42950439453125,304.3599853515625
2021-08-23,140.04150390625,304.6499938964844
2021-08-24,141.26150512695312,302.6199951171875
2021-08-25,142.07899475097656,302.010009765625
2021-08-26,141.4405059814453,299.0899963378906
2021-08-27,144.00399780273438,299.7200012207031
2021-08-30,144.5904998779297,303.5899963378906
2021-08-31,144.69749450683594,301.8800048828125
2021-09-01,145.2154998779297,301.8299865722656
2021-09-02,143.28700256347656,301.1499938964844
2021-09-03,143.739501953125,301.1400146484375
2021-09-07,144.28050231933594,300.17999267578125
2021-09-08,143.6909942626953,300.2099914550781
2021-09-09,143.54100036621094,297.25
2021-09-10,140.87600708007812,295.7099914550781
2021-09-13,142.33250427246094,296.989990234375
2021-09-14,142.54449462890625,299.7900085449219
2021-09-15,144.42950439453125,304.82000732421875
2021-09-16,143.61000061035156,305.2200012207031
2021-09-17,140.8000030517578,299.8699951171875
2021-09-20,138.71949768066406,294.29998779296875
2021-09-21,139.0330047607422,294.79998779296875
2021-09-22,140.2834930419922,298.5799865722656
2021-09-23,141.21600341796875,299.55999755859375
2021-09-24,142.21499633789062,299.3500061035156
2021-09-27,141.07200622558594,294.1700134277344
2021-09-28,135.8300018310547,283.5199890136719
2021-09-29,134.35350036621094,284.0
2021-09-30,133.67599487304688,281.9200134277344
2021-10-01,136.54299926757812,289.1000061035156
2021-10-04,133.6595001220703,283.1099853515625
2021-10-05,136.0229949951172,288.760009765625
2021-10-06,137.56500244140625,293.1099853515625
2021-10-07,139.22500610351562,294.8500061035156
2021-10-08,139.78550720214844,294.8500061035156
2021-10-11,138.91400146484375,294.2300109863281
2021-10-12,136.44900512695312,292.8800048828125
2021-10-13,137.58200073242188,296.30999755859375
2021-10-14,141.1510009765625,302.75
2021-10-15,141.3679962158203,304.2099914550781
2021-10-18,142.7779998779297,307.2900085449219
2021-10-19,143.23699951171875,308.2300109863281
2021-10-20,141.7689971923828,307.4100036621094
2021-10-21,141.88600158691406,310.760009765625
2021-10-22,137.56649780273438,309.1600036621094
2021-10-25,137.44700622558594,308.1300048828125
2021-10-26,139.30850219726562,310.1099853515625
2021-10-27,146.21749877929688,323.1700134277344
2021-10-28,145.8489990234375,324.3500061035156
2021-10-29,148.04600524902344,331.6199951171875
2021-11-01,143.4969940185547,329.3699951171875
2021-11-02,145.4324951171875,333.1300048828125
2021-11-03,146.59800720214844,334.0
2021-11-04,148.2675018310547,336.44000244140625
2021-11-05,148.8520050048828,336.05999755859375
2021-11-08,149.031005859375,336.989990234375
2021-11-09,148.9185028076172,335.95001220703125
2021-11-10,145.89349365234375,330.79998779296875
2021-11-11,145.76649475097656,332.42999267578125
2021-11-12,148.67799377441406,336.7200012207031
2021-11-15,148.45199584960938,336.07000732421875
2021-11-16,147.87600708007812,339.510009765625
2021-11-17,148.0469970703125,339.1199951171875
2021-11-18,149.8385009765625,341.2699890136719
2021-11-19,148.92649841308594,343.1099853515625
2021-11-22,146.302001953125,339.8299865722656
2021-11-23,145.78199768066406,337.67999267578125
2021-11-24,146.1199951171875,337.9100036621094
2021-11-26,142.18299865722656,329.67999267578125
2021-11-29,145.53050231933594,336.6300048828125
2021-11-30,141.8975067138672,330.5899963378906
2021-12-01,141.05149841308594,330.0799865722656
2021-12-02,142.96600341796875,329.489990234375
2021-12-03,142.00149536132812,323.010009765625
2021-12-06,143.15499877929688,326.19000244140625
2021-12-07,147.26950073242188,334.9200134277344
2021-12-08,148.18649291992188,334.9700012207031
2021-12-09,147.6385040283203,333.1000061035156
2021-12-10,148.00149536132812,342.5400085449219
2021-12-13,145.82650756835938,339.3999938964844
2021-12-14,143.90699768066406,328.3399963378906
2021-12-15,146.4409942626953,334.6499938964844
2021-12-16,144.44500732421875,324.8999938964844
2021-12-17,141.72500610351562,323.79998779296875
2021-12-20,141.60699462890625,319.9100036621094
2021-12-21,143.47250366210938,327.2900085449219
2021-12-22,146.4149932861328,333.20001220703125
2021-12-23,146.91650390625,334.69000244140625
2021-12-27,147.906494140625,342.45001220703125
2021-12-28,146.68699645996094,341.25
2021-12-29,146.65499877929688,341.95001220703125
2021-12-30,146.20050048828125,339.32000732421875
2021-12-31,144.8520050048828,336.32000732421875
2022-01-03,144.9915008544922,334.75
2022-01-04,144.39950561523438,329.010009765625
2022-01-05,137.77499389648438,316.3800048828125
2022-01-06,137.74749755859375,313.8800048828125
2022-01-07,137.01699829101562,314.0400085449219
2022-01-10,138.66949462890625,314.2699890136719
2022-01-11,139.73599243164062,314.9800109863281
2022-01-12,141.4304962158203,318.2699890136719
2022-01-13,138.58700561523438,304.79998779296875
2022-01-14,139.48049926757812,310.20001220703125
2022-01-18,135.9980010986328,302.6499938964844
2022-01-19,135.1165008544922,303.3299865722656
2022-01-20,133.3074951171875,301.6000061035156
2022-01-21,130.35150146484375,296.0299987792969
2022-01-24,130.8040008544922,296.3699951171875
2022-01-25,126.93499755859375,288.489990234375
2022-01-26,129.23300170898438,296.7099914550781
2022-01-27,129.0050048828125,299.8399963378906
2022-01-28,133.3509979248047,308.260009765625
2022-01-31,135.30349731445312,310.9800109863281
2022-02-01,137.6439971923828,308.760009765625
2022-02-02,148.0,313.4599914550781
2022-02-03,143.08999633789062,301.25
2022-02-04,143.29299926757812,305.94000244140625
2022-02-07,139.2010040283203,300.95001220703125
2022-02-08,139.3990020751953,304.55999755859375
2022-02-09,141.5919952392578,311.2099914550781
2022-02-10,138.6199951171875,302.3800048828125
2022-02-11,134.28250122070312,295.0400085449219
2022-02-14,135.5260009765625,295.0
2022-02-15,136.60850524902344,300.4700012207031
2022-02-16,137.73800659179688,299.5
2022-02-17,132.53900146484375,290.7300109863281
2022-02-18,130.4029998779297,287.92999267578125
2022-02-22,129.81350708007812,287.7200012207031
2022-02-23,127.58799743652344,280.2699890136719
2022-02-24,132.6909942626953,294.5899963378906
2022-02-25,134.45950317382812,297.30999755859375
2022-02-28,135.0570068359375,298.7900085449219
2022-03-01,134.06149291992188,294.95001220703125
2022-03-02,134.57150268554688,300.19000244140625
2022-03-03,133.89950561523438,295.9200134277344
2022-03-04,131.906494140625,289.8599853515625
2022-03-07,126.37850189208984,278.9100036621094
2022-03-08,127.10449981689453,275.8500061035156
2022-03-09,133.4199981689453,288.5
2022-03-10,132.42950439453125,285.5899963378906
2022-03-11,129.87049865722656,280.07000732421875
2022-03-14,125.95099639892578,276.44000244140625
2022-03-15,129.197998046875,287.1499938964844
2022-03-16,133.28050231933594,294.3900146484375
2022-03-17,133.83900451660156,295.2200012207031
2022-03-18,136.12550354003906,300.42999267578125
2022-03-21,136.10150146484375,299.1600036621094
2022-03-22,139.8679962158203,304.05999755859375
2022-03-23,138.27549743652344,299.489990234375
2022-03-24,141.57200622558594,304.1000061035156
2022-03-25,141.67300415039062,303.67999267578125
2022-03-28,141.45550537109375,310.70001220703125
2022-03-29,142.5054931640625,315.4100036621094
2022-03-30,141.93850708007812,313.8599853515625
2022-03-31,139.0675048828125,308.30999755859375
2022-04-01,140.15049743652344,309.4200134277344
2022-04-04,142.97149658203125,314.9700012207031
2022-04-05,140.59100341796875,310.8800048828125
2022-04-06,136.54800415039062,299.5
2022-04-07,135.8885040283203,301.3699951171875
2022-04-08,133.28750610351562,296.9700012207031
2022-04-11,128.82350158691406,285.260009765625
2022-04-12,127.7145004272461,282.05999755859375
2022-04-13,129.8939971923828,287.6199951171875
2022-04-14,126.7300033569336,279.8299865722656
2022-04-18,127.67649841308594,280.5199890136719
2022-04-19,130.00900268554688,285.29998779296875
2022-04-20,128.0399932861328,286.3599853515625
2022-04-21,124.81449890136719,280.80999755859375
2022-04-22,119.635498046875,274.0299987792969
2022-04-25,123.0739974975586,280.7200012207031
2022-04-26,118.6500015258789,270.2200012207031
2022-04-27,114.29450225830078,283.2200012207031
2022-04-28,118.52249908447266,289.6300048828125
2022-04-29,114.1094970703125,277.5199890136719
2022-05-02,116.58300018310547,284.4700012207031
2022-05-03,117.33399963378906,281.7799987792969
2022-05-04,122.26100158691406,289.9800109863281
2022-05-05,116.50550079345703,277.3500061035156
2022-05-06,115.74649810791016,274.7300109863281
2022-05-09,112.51100158691406,264.5799865722656
2022-05-10,114.3949966430664,269.5
2022-05-11,113.60250091552734,260.54998779296875
2022-05-12,112.84400177001953,255.35000610351562
2022-05-13,116.05049896240234,261.1199951171875
2022-05-16,114.44499969482422,261.5
2022-05-17,116.4729995727539,266.82000732421875
2022-05-18,111.89949798583984,254.0800018310547
2022-05-19,110.38400268554688,253.13999938964844
2022-05-20,108.90799713134766,252.55999755859375
2022-05-23,111.48799896240234,260.6499938964844
2022-05-24,105.97000122070312,259.6199951171875
2022-05-25,105.80500030517578,262.5199890136719
2022-05-26,107.7925033569336,265.8999938964844
2022-05-27,112.31649780273438,273.239990234375
2022-05-31,113.76200103759766,271.8699951171875
2022-06-01,113.89199829101562,272.4200134277344
2022-06-02,117.62249755859375,274.5799865722656
2022-06-03,114.54100036621094,270.0199890136719
2022-06-06,116.82050323486328,268.75
2022-06-07,117.14949798583984,272.5
2022-06-08,117.19400024414062,270.4100036621094
2022-06-09,114.83550262451172,264.7900085449219
2022-06-10,111.1614990234375,252.99000549316406
2022-06-13,106.39250183105469,242.25999450683594
2022-06-14,106.71549987792969,244.49000549316406
2022-06-15,109.7645034790039,251.75999450683594
2022-06-16,106.03350067138672,244.97000122070312
2022-06-17,107.14350128173828,247.64999389648438
2022-06-21,111.54399871826172,253.74000549316406
2022-06-22,111.48750305175781,253.1300048828125
2022-06-23,112.24199676513672,258.8599853515625
2022-06-24,117.9749984741211,267.70001220703125
2022-06-27,115.83350372314453,264.8900146484375
2022-06-28,112.00749969482422,256.4800109863281
2022-06-29,111.70149993896484,260.260009765625
2022-06-30,108.96299743652344,256.8299865722656
2022-07-01,108.73750305175781,259.5799865722656
2022-07-05,113.26300048828125,262.8500061035156
2022-07-06,114.5719985961914,266.2099914550781
2022-07-07,118.78299713134766,268.3999938964844
2022-07-08,119.35350036621094,267.6600036621094
2022-07-11,115.67649841308594,264.510009765625
2022-07-12,114.02050018310547,253.6699981689453
2022-07-13,111.35350036621094,252.72000122070312
2022-07-14,110.36750030517578,254.0800018310547
2022-07-15,111.77749633789062,256.7200012207031
2022-07-18,109.02999877929688,254.25
2022-07-19,113.80999755859375,259.5299987792969
2022-07-20,113.9000015258789,262.2699890136719
2022-07-21,114.33999633789062,264.8399963378906
2022-07-22,107.9000015258789,260.3599853515625
2022-07-25,107.51000213623047,258.8299865722656
2022-07-26,105.0199966430664,251.89999389648438
2022-07-27,113.05999755859375,268.739990234375
2022-07-28,114.22000122070312,276.4100036621094
2022-07-29,116.31999969482422,280.739990234375
2022-08-01,114.86000061035156,278.010009765625
2022-08-02,115.12999725341797,274.82000732421875
2022-08-03,118.08000183105469,282.4700012207031
2022-08-04,118.19000244140625,283.6499938964844
2022-08-05,117.47000122070312,282.9100036621094
2022-08-08,117.30000305175781,280.32000732421875
2022-08-09,116.62999725341797,282.29998779296875
2022-08-10,119.69999694824219,289.1600036621094
2022-08-11,118.83999633789062,287.0199890136719
2022-08-12,121.68000030517578,291.9100036621094
2022-08-15,122.08000183105469,293.4700012207031
2022-08-16,121.69999694824219,292.7099914550781
2022-08-17,119.55000305175781,291.32000732421875
2022-08-18,120.16999816894531,290.1700134277344
2022-08-19,117.20999908447266,286.1499938964844
2022-08-22,114.23999786376953,277.75
2022-08-23,113.86000061035156,276.44000244140625
2022-08-24,113.69000244140625,275.7900085449219
2022-08-25,116.6500015258789,278.8500061035156
2022-08-26,110.33999633789062,268.0899963378906
2022-08-29,109.41999816894531,265.2300109863281
2022-08-30,108.94000244140625,262.9700012207031
2022-08-31,108.22000122070312,261.4700012207031
2022-09-01,109.73999786376953,260.3999938964844
2022-09-02,107.8499984741211,256.05999755859375
2022-09-06,106.80999755859375,253.25
2022-09-07,109.44999694824219,258.0899963378906
2022-09-08,108.37999725341797,258.5199890136719
2022-09-09,110.6500015258789,264.4599914550781
2022-09-12,110.86000061035156,266.6499938964844
2022-09-13,104.31999969482422,251.99000549316406
2022-09-14,105.0,252.22000122070312
2022-09-15,102.91000366210938,245.3800048828125
2022-09-16,102.80000305175781,244.74000549316406
2022-09-19,103.06999969482422,244.52000427246094
2022-09-20,101.13999938964844,242.4499969482422
2022-09-21,99.27999877929688,238.9499969482422
2022-09-22,100.13999938964844,240.97999572753906
2022-09-23,98.73999786376953,237.9199981689453
2022-09-26,98.16999816894531,237.4499969482422
2022-09-27,97.5,236.41000366210938
2022-09-28,100.05000305175781,241.07000732421875
2022-09-29,97.41999816894531,237.5
2022-09-30,95.6500015258789,232.89999389648438
2022-10-03,98.63999938964844,240.74000549316406
2022-10-04,101.63999938964844,248.8800048828125
2022-10-05,101.43000030517578,249.1999969482422
2022-10-06,101.41999816894531,246.7899932861328
2022-10-07,98.68000030517578,234.24000549316406
2022-10-10,97.86000061035156,229.25
2022-10-11,97.18000030517578,225.41000366210938
2022-10-12,97.55999755859375,225.75
2022-10-13,99.05999755859375,234.24000549316406
2022-10-14,96.55999755859375,228.55999755859375
2022-10-17,99.97000122070312,237.52999877929688
2022-10-18,100.7699966430664,238.5
2022-10-19,99.62999725341797,236.47999572753906
2022-10-20,99.97000122070312,236.14999389648438
2022-10-21,101.12999725341797,242.1199951171875
2022-10-24,102.5199966430664,247.25
2022-10-25,104.4800033569336,250.66000366210938
2022-10-26,94.93000030517578,231.32000732421875
2022-10-27,92.22000122070312,226.75
2022-10-28,96.29000091552734,235.8699951171875
2022-10-31,94.51000213623047,232.1300048828125
2022-11-01,90.47000122070312,228.1699981689453
2022-11-02,86.97000122070312,220.10000610351562
2022-11-03,83.43000030517578,214.25
2022-11-04,86.58000183105469,221.38999938964844
2022-11-07,88.48999786376953,227.8699951171875
2022-11-08,88.9000015258789,228.8699951171875
2022-11-09,87.31999969482422,224.50999450683594
2022-11-10,93.94000244140625,242.97999572753906
2022-11-11,96.41000366210938,247.11000061035156
2022-11-14,95.69999694824219,241.5500030517578
2022-11-15,98.44000244140625,241.97000122070312
2022-11-16,98.8499984741211,241.72999572753906
2022-11-17,98.36000061035156,241.67999267578125
2022-11-18,97.43000030517578,241.22000122070312
2022-11-21,95.5999984741211,242.0500030517578
2022-11-22,97.05000305175781,245.02999877929688
2022-11-23,98.45999908447266,247.5800018310547
2022-11-25,97.45999908447266,247.49000549316406
2022-11-28,96.05000305175781,241.75999450683594
2022-11-29,95.19000244140625,240.3300018310547
2022-11-30,100.98999786376953,255.13999938964844
2022-12-01,100.98999786376953,254.69000244140625
2022-12-02,100.44000244140625,255.02000427246094
2022-12-05,99.4800033569336,250.1999969482422
2022-12-06,96.9800033569336,245.1199951171875
2022-12-07,94.94000244140625,244.3699951171875
2022-12-08,93.70999908447266,247.39999389648438
2022-12-09,92.83000183105469,245.4199981689453
2022-12-12,93.30999755859375,252.50999450683594
2022-12-13,95.62999725341797,256.9200134277344
2022-12-14,95.06999969482422,257.2200012207031
2022-12-15,90.86000061035156,249.00999450683594
2022-12-16,90.26000213623047,244.69000244140625
2022-12-19,88.44000244140625,240.4499969482422
2022-12-20,89.0199966430664,241.8000030517578
2022-12-21,89.58000183105469,244.42999267578125
2022-12-22,87.76000213623047,238.19000244140625
2022-12-23,89.2300033569336,238.72999572753906
2022-12-27,87.38999938964844,236.9600067138672
2022-12-28,86.0199966430664,234.52999877929688
2022-12-29,88.44999694824219,241.00999450683594
2022-12-30,88.2300033569336,239.82000732421875
